{"count":1,"self":61.582048,"total":206.14439579999998,"children":{"InitializeActuators":{"count":1,"self":0.00053659999999999992,"total":0.00053659999999999992,"children":null},"InitializeSensors":{"count":1,"self":0.0015201,"total":0.0015201,"children":null},"AgentSendState":{"count":637351,"self":1.0987896,"total":1.6716373999999998,"children":{"CollectObservations":{"count":38240,"self":0.0217229,"total":0.0217229,"children":null},"WriteActionMask":{"count":38240,"self":0.0166165,"total":0.0166165,"children":null},"RequestDecision":{"count":38240,"self":0.1231813,"total":0.5345084,"children":{"AgentInfo.ToProto":{"count":38240,"self":0.094266599999999992,"total":0.4113271,"children":{"GenerateSensorData":{"count":38240,"self":0.2864348,"total":0.31706049999999997,"children":{"RayPerceptionSensor.Perceive":{"count":38240,"self":0.0306257,"total":0.0306257,"children":null}}}}}}}}},"DecideAction":{"count":637351,"self":142.5786496,"total":142.5786498,"children":null},"AgentAct":{"count":637351,"self":0.3070033,"total":0.30900299999999997,"children":{"AgentInfo.ToProto":{"count":212,"self":0.001,"total":0.0019997,"children":{"GenerateSensorData":{"count":212,"self":0,"total":0.00099969999999999985,"children":{"RayPerceptionSensor.Perceive":{"count":212,"self":0.00099969999999999985,"total":0.00099969999999999985,"children":null}}}}}}}},"gauges":{"My Behavior.CumulativeReward":{"count":212,"max":33.0633163,"min":-9.486134,"runningAverage":4.4586525,"value":20.7564449,"weightedAverage":10.2420921}},"metadata":{"timer_format_version":"0.1.0","start_time_seconds":"1721977398","unity_version":"2022.3.38f1","command_line_arguments":"C:\\Program Files\\Unity\\Hub\\Editor\\2022.3.38f1\\Editor\\Unity.exe -projectpath C:\\Users\\souwc\\Documents\\Work\\swarmSimul -useHub -hubIPC -cloudEnvironment production -licensingIpc LicenseClient-souwc -hubSessionId 86edf142-d19c-4489-91cd-d92a55d3d648 -accessToken vHRfZw4IdzKkJXHM5HHnsjCyVVoqlJ3SjHnhNoyg-xM011f","communication_protocol_version":"1.5.0","com.unity.ml-agents_version":"2.0.1","scene_name":"testML","end_time_seconds":"1721977604"}}