{
    "name": "root",
    "metadata": {
        "timer_format_version": "0.1.0",
        "start_time_seconds": "1721977266",
        "python_version": "3.9.0 (tags/v3.9.0:9cf6752, Oct  5 2020, 15:34:40) [MSC v.1927 64 bit (AMD64)]",
        "command_line_arguments": "C:\\Users\\souwc\\AppData\\Local\\Programs\\Python\\Python39\\Scripts\\mlagents-learn --force",
        "mlagents_version": "0.30.0",
        "mlagents_envs_version": "0.30.0",
        "communication_protocol_version": "1.5.0",
        "pytorch_version": "2.3.0+cu121",
        "numpy_version": "1.21.2",
        "end_time_seconds": "1721977382"
    },
    "total": 115.64641139999999,
    "count": 1,
    "self": 0.0030351999999993495,
    "children": {
        "run_training.setup": {
            "total": 0.014641400000000138,
            "count": 1,
            "self": 0.014641400000000138
        },
        "TrainerController.start_learning": {
            "total": 115.62873479999999,
            "count": 1,
            "self": 0.06876550000001203,
            "children": {
                "TrainerController._reset_env": {
                    "total": 5.1241736,
                    "count": 1,
                    "self": 5.1241736
                },
                "TrainerController.advance": {
                    "total": 110.38529859999997,
                    "count": 5363,
                    "self": 0.06497859999990396,
                    "children": {
                        "env_step": {
                            "total": 109.68234030000036,
                            "count": 5363,
                            "self": 99.81692690000064,
                            "children": {
                                "SubprocessEnvManager._take_step": {
                                    "total": 9.822958799999906,
                                    "count": 5363,
                                    "self": 0.23491380000029594,
                                    "children": {
                                        "TorchPolicy.evaluate": {
                                            "total": 9.58804499999961,
                                            "count": 5190,
                                            "self": 9.58804499999961
                                        }
                                    }
                                },
                                "workers": {
                                    "total": 0.04245459999981627,
                                    "count": 5362,
                                    "self": 0.0,
                                    "children": {
                                        "worker_root": {
                                            "total": 76.15904400000011,
                                            "count": 5362,
                                            "is_parallel": true,
                                            "self": 14.540933100000515,
                                            "children": {
                                                "steps_from_proto": {
                                                    "total": 0.0001841000000002424,
                                                    "count": 1,
                                                    "is_parallel": true,
                                                    "self": 5.290000000091055e-05,
                                                    "children": {
                                                        "_process_rank_one_or_two_observation": {
                                                            "total": 0.00013119999999933185,
                                                            "count": 4,
                                                            "is_parallel": true,
                                                            "self": 0.00013119999999933185
                                                        }
                                                    }
                                                },
                                                "UnityEnvironment.step": {
                                                    "total": 61.617926799999594,
                                                    "count": 5362,
                                                    "is_parallel": true,
                                                    "self": 0.2799061999991963,
                                                    "children": {
                                                        "UnityEnvironment._generate_step_input": {
                                                            "total": 0.22793720000019047,
                                                            "count": 5362,
                                                            "is_parallel": true,
                                                            "self": 0.22793720000019047
                                                        },
                                                        "communicator.exchange": {
                                                            "total": 60.37072390000009,
                                                            "count": 5362,
                                                            "is_parallel": true,
                                                            "self": 60.37072390000009
                                                        },
                                                        "steps_from_proto": {
                                                            "total": 0.7393595000001181,
                                                            "count": 5362,
                                                            "is_parallel": true,
                                                            "self": 0.24471150000162734,
                                                            "children": {
                                                                "_process_rank_one_or_two_observation": {
                                                                    "total": 0.49464799999849074,
                                                                    "count": 21448,
                                                                    "is_parallel": true,
                                                                    "self": 0.49464799999849074
                                                                }
                                                            }
                                                        }
                                                    }
                                                }
                                            }
                                        }
                                    }
                                }
                            }
                        },
                        "trainer_advance": {
                            "total": 0.6379796999997005,
                            "count": 5362,
                            "self": 0.09329809999966088,
                            "children": {
                                "process_trajectory": {
                                    "total": 0.5446816000000396,
                                    "count": 5362,
                                    "self": 0.5446816000000396
                                }
                            }
                        }
                    }
                },
                "trainer_threads": {
                    "total": 1.900000000887303e-06,
                    "count": 1,
                    "self": 1.900000000887303e-06
                },
                "TrainerController._save_models": {
                    "total": 0.050495200000000295,
                    "count": 1,
                    "self": 0.00012219999999274478,