{
    "name": "root",
    "gauges": {
        "MyBehavior.Policy.Entropy.mean": {
            "value": 2.012028694152832,
            "min": 2.012028694152832,
            "max": 2.145212173461914,
            "count": 26
        },
        "MyBehavior.Policy.Entropy.sum": {
            "value": 100553.1484375,
            "min": 100553.1484375,
            "max": 107346.4140625,
            "count": 26
        },
        "MyBehavior.Step.mean": {
            "value": 1299959.0,
            "min": 49987.0,
            "max": 1299959.0,
            "count": 26
        },
        "MyBehavior.Step.sum": {
            "value": 1299959.0,
            "min": 49987.0,
            "max": 1299959.0,
            "count": 26
        },
        "MyBehavior.Policy.ExtrinsicValueEstimate.mean": {
            "value": 47.76039123535156,
            "min": 0.04099966213107109,
            "max": 47.76039123535156,
            "count": 26
        },
        "MyBehavior.Policy.ExtrinsicValueEstimate.sum": {
            "value": 39784.40625,
            "min": 34.15271759033203,
            "max": 39784.40625,
            "count": 26
        },
        "MyBehavior.Environment.EpisodeLength.mean": {
            "value": 179.0,
            "min": 178.99640287769785,
            "max": 179.0,
            "count": 26
        },
        "MyBehavior.Environment.EpisodeLength.sum": {
            "value": 49762.0,
            "min": 49583.0,
            "max": 49762.0,
            "count": 26
        },
        "MyBehavior.Environment.CumulativeReward.mean": {
            "value": 163.51771147817158,
            "min": 7.690086673489578,
            "max": 163.51771147817158,
            "count": 26
        },
        "MyBehavior.Environment.CumulativeReward.sum": {
            "value": 45457.9237909317,
            "min": 2137.8440952301025,
            "max": 45457.9237909317,
            "count": 26
        },
        "MyBehavior.Policy.ExtrinsicReward.mean": {
            "value": 163.51771147817158,
            "min": 7.690086673489578,
            "max": 163.51771147817158,
            "count": 26
        },
        "MyBehavior.Policy.ExtrinsicReward.sum": {
            "value": 45457.9237909317,
            "min": 2137.8440952301025,
            "max": 45457.9237909317,
            "count": 26
        },
        "MyBehavior.IsTraining.mean": {
            "value": 1.0,
            "min": 1.0,
            "max": 1.0,
            "count": 26
        },
        "MyBehavior.IsTraining.sum": {
            "value": 1.0,
            "min": 1.0,
            "max": 1.0,
            "count": 26
        },
        "MyBehavior.Losses.PolicyLoss.mean": {
            "value": 0.012160767468059122,
            "min": 0.012139450007799093,
            "max": 0.01940885015614084,
            "count": 12
        },
        "MyBehavior.Losses.PolicyLoss.sum": {
            "value": 0.012160767468059122,
            "min": 0.012139450007799093,
            "max": 0.01940885015614084,
            "count": 12
        },
        "MyBehavior.Losses.ValueLoss.mean": {
            "value": 75.70710904333326,
            "min": 52.76799545817905,
            "max": 78.16497813330756,
            "count": 12
        },
        "MyBehavior.Losses.ValueLoss.sum": {
            "value": 75.70710904333326,
            "min": 52.76799545817905,
            "max": 78.16497813330756,
            "count": 12
        },
        "MyBehavior.Policy.LearningRate.mean": {
            "value": 0.0022625766245807795,
            "min": 0.0022625766245807795,
            "max": 0.002938548602048379,
            "count": 12
        },
        "MyBehavior.Policy.LearningRate.sum": {
            "value": 0.0022625766245807795,
            "min": 0.0022625766245807795,
            "max": 0.002938548602048379,
            "count": 12
        },
        "MyBehavior.Policy.Epsilon.mean": {
            "value": 0.17541922000000001,
            "min": 0.17541922000000001,
            "max": 0.19795162,
            "count": 12
        },
        "MyBehavior.Policy.Epsilon.sum": {
            "value": 0.17541922000000001,
            "min": 0.17541922000000001,
            "max": 0.19795162,
            "count": 12
        },
        "MyBehavior.Policy.Beta.mean": {
            "value": 0.07542167807800002,
            "min": 0.07542167807800002,
            "max": 0.097951824838,
            "count": 12
        },
        "MyBehavior.Policy.Beta.sum": {
            "value": 0.07542167807800002,
            "min": 0.07542167807800002,
            "max": 0.097951824838,
            "count": 12
        }
    },
    "metadata": {
        "timer_format_version": "0.1.0",
        "start_time_seconds": "1722856567",
        "python_version": "3.9.0 (tags/v3.9.0:9cf6752, Oct  5 2020, 15:34:40) [MSC v.1927 64 bit (AMD64)]",
        "command_line_arguments": "C:\\Users\\souwc\\AppData\\Local\\Programs\\Python\\Python39\\Scripts\\mlagents-learn configuration.yaml --force",
        "mlagents_version": "0.30.0",
        "mlagents_envs_version": "0.30.0",
        "communication_protocol_version": "1.5.0",
        "pytorch_version": "2.3.0+cu121",
        "numpy_version": "1.21.2",
        "end_time_seconds": "1722869857"
    },
    "total": 13289.8463584,
    "count": 1,
    "self": 0.004859600001509534,
    "children": {
        "run_training.setup": {
            "total": 0.07903389999999977,
            "count": 1,
            "self": 0.07903389999999977
        },
        "TrainerController.start_learning": {
            "total": 13289.762464899999,
            "count": 1,
            "self": 21.11835039989819,
            "children": {
                "TrainerController._reset_env": {
                    "total": 7.1920284,
                    "count": 1,
                    "self": 7.1920284
                },
                "TrainerController.advance": {
                    "total": 13261.355225700101,
                    "count": 1316922,
                    "self": 20.386392301863452,
                    "children": {
                        "env_step": {
                            "total": 11109.381568898645,
                            "count": 1316922,
                            "self": 5964.000145598542,
                            "children": {
                                "SubprocessEnvManager._take_step": {
                                    "total": 5131.264548600876,
                                    "count": 1316922,
                                    "self": 70.89438110078572,
                                    "children": {
                                        "TorchPolicy.evaluate": {
                                            "total": 5060.37016750009,
                                            "count": 1309647,
                                            "self": 5060.37016750009
                                        }
                                    }
                                },
                                "workers": {
                                    "total": 14.116874699226862,
                                    "count": 1316921,
                                    "self": 0.0,
                                    "children": {
                                        "worker_root": {
                                            "total": 13251.173468600597,
                                            "count": 1316921,
                                            "is_parallel": true,
                                            "self": 8323.60863220054,
                                            "children": {
                                                "steps_from_proto": {
                                                    "total": 0.0003399000000001706,
                                                    "count": 1,
                                                    "is_parallel": true,
                                                    "self": 0.00011179999999910706,