{
    "name": "root",
    "gauges": {
        "MyBehavior.Policy.Entropy.mean": {
            "value": 2.1566693782806396,
            "min": 2.1555116176605225,
            "max": 2.1566693782806396,
            "count": 2
        },
        "MyBehavior.Policy.Entropy.sum": {
            "value": 107807.5859375,
            "min": 107807.5859375,
            "max": 107859.6484375,
            "count": 2
        },
        "MyBehavior.Step.mean": {
            "value": 99963.0,
            "min": 49987.0,
            "max": 99963.0,
            "count": 2
        },
        "MyBehavior.Step.sum": {
            "value": 99963.0,
            "min": 49987.0,
            "max": 99963.0,
            "count": 2
        },
        "MyBehavior.Policy.ExtrinsicValueEstimate.mean": {
            "value": -2.7650506496429443,
            "min": -2.9171621799468994,
            "max": -2.7650506496429443,
            "count": 2
        },
        "MyBehavior.Policy.ExtrinsicValueEstimate.sum": {
            "value": -2303.287109375,
            "min": -2429.99609375,
            "max": -2303.287109375,
            "count": 2
        },
        "MyBehavior.Environment.EpisodeLength.mean": {
            "value": 179.0,
            "min": 178.99640287769785,
            "max": 179.0,
            "count": 2
        },
        "MyBehavior.Environment.EpisodeLength.sum": {
            "value": 49583.0,
            "min": 49583.0,
            "max": 49761.0,
            "count": 2
        },
        "MyBehavior.Environment.CumulativeReward.mean": {
            "value": 27.743250075004084,
            "min": 26.574403094901076,
            "max": 27.743250075004084,
            "count": 2
        },
        "MyBehavior.Environment.CumulativeReward.sum": {
            "value": 7712.623520851135,
            "min": 7361.109657287598,
            "max": 7712.623520851135,
            "count": 2
        },
        "MyBehavior.Policy.ExtrinsicReward.mean": {
            "value": 27.743250075004084,
            "min": 26.574403094901076,
            "max": 27.743250075004084,
            "count": 2
        },
        "MyBehavior.Policy.ExtrinsicReward.sum": {
            "value": 7712.623520851135,
            "min": 7361.109657287598,
            "max": 7712.623520851135,
            "count": 2
        },
        "MyBehavior.IsTraining.mean": {
            "value": 1.0,
            "min": 1.0,
            "max": 1.0,
            "count": 2
        },
        "MyBehavior.IsTraining.sum": {
            "value": 1.0,
            "min": 1.0,
            "max": 1.0,
            "count": 2
        }
    },
    "metadata": {
        "timer_format_version": "0.1.0",
        "start_time_seconds": "1723267736",
        "python_version": "3.9.0 (tags/v3.9.0:9cf6752, Oct  5 2020, 15:34:40) [MSC v.1927 64 bit (AMD64)]",
        "command_line_arguments": "C:\\Users\\souwc\\AppData\\Local\\Programs\\Python\\Python39\\Scripts\\mlagents-learn configuration.yaml --force",
        "mlagents_version": "0.30.0",
        "mlagents_envs_version": "0.30.0",
        "communication_protocol_version": "1.5.0",
        "pytorch_version": "2.3.0+cu121",
        "numpy_version": "1.21.2",
        "end_time_seconds": "1723269391"
    },
    "total": 1654.4753734,
    "count": 1,
    "self": 0.0036948000001757464,
    "children": {
        "run_training.setup": {
            "total": 0.09006939999999997,
            "count": 1,
            "self": 0.09006939999999997
        },
        "TrainerController.start_learning": {
            "total": 1654.3816092,
            "count": 1,
            "self": 2.182517800001733,
            "children": {
                "TrainerController._reset_env": {
                    "total": 22.810940199999997,
                    "count": 1,
                    "self": 22.810940199999997
                },
                "TrainerController.advance": {
                    "total": 1629.3035456999983,
                    "count": 130554,
                    "self": 1.928466200028197,
                    "children": {
                        "env_step": {
                            "total": 1471.2720140999756,
                            "count": 130554,
                            "self": 1003.6216421000139,
                            "children": {
                                "SubprocessEnvManager._take_step": {
                                    "total": 466.31737259998124,
                                    "count": 130554,
                                    "self": 6.955700099974138,
                                    "children": {
                                        "TorchPolicy.evaluate": {
                                            "total": 459.3616725000071,
                                            "count": 129833,
                                            "self": 459.3616725000071
                                        }
                                    }
                                },
                                "workers": {
                                    "total": 1.3329993999805367,
                                    "count": 130553,
                                    "self": 0.0,
                                    "children": {
                                        "worker_root": {
                                            "total": 1625.9210184000137,
                                            "count": 130553,
                                            "is_parallel": true,
                                            "self": 729.5342823999936,
                                            "children": {
                                                "steps_from_proto": {
                                                    "total": 0.0002995000000005632,
                                                    "count": 1,
                                                    "is_parallel": true,
                                                    "self": 0.00013410000000035893,
                                                    "children": {
                                                        "_process_rank_one_or_two_observation": {
                                                            "total": 0.00016540000000020427,
                                                            "count": 2,
                                                            "is_parallel": true,
                                                            "self": 0.00016540000000020427
                                                        }
                                                    }
                                                },
                                                "UnityEnvironment.step": {
                                                    "total": 896.3864365000202,
                                                    "count": 130553,
                                                    "is_parallel": true,
                                                    "self": 7.588159400006816,
                                                    "children": {
                                                        "UnityEnvironment._generate_step_input": {
                                                            "total": 7.2229069999790525,
                                                            "count": 130553,
                                                            "is_parallel": true,
                                                            "self": 7.2229069999790525
                                                        },
                                                        "communicator.exchange": {
                                                            "total": 857.3701711000213,
                                                            "count": 130553,
                                                            "is_parallel": true,