{
    "name": "root",
    "gauges": {
        "MyBehavior.Policy.Entropy.mean": {
            "value": 1.9244974851608276,
            "min": 0.9591781497001648,
            "max": 1.970931053161621,
            "count": 14
        },
        "MyBehavior.Policy.Entropy.sum": {
            "value": 96178.6875,
            "min": 47997.2734375,
            "max": 98499.25,
            "count": 14
        },
        "MyBehavior.Step.mean": {
            "value": 699963.0,
            "min": 49983.0,
            "max": 699963.0,
            "count": 14
        },
        "MyBehavior.Step.sum": {
            "value": 699963.0,
            "min": 49983.0,
            "max": 699963.0,
            "count": 14
        },
        "MyBehavior.Policy.ExtrinsicValueEstimate.mean": {
            "value": 11.854860305786133,
            "min": -7.450157165527344,
            "max": 11.854860305786133,
            "count": 14
        },
        "MyBehavior.Policy.ExtrinsicValueEstimate.sum": {
            "value": 9875.0986328125,
            "min": -6205.98095703125,
            "max": 9875.0986328125,
            "count": 14
        },
        "MyBehavior.Environment.EpisodeLength.mean": {
            "value": 179.0,
            "min": 178.98194945848377,
            "max": 179.0,
            "count": 14
        },
        "MyBehavior.Environment.EpisodeLength.sum": {
            "value": 49762.0,
            "min": 49578.0,
            "max": 49762.0,
            "count": 14
        },
        "MyBehavior.Environment.CumulativeReward.mean": {
            "value": 86.69064748201438,
            "min": 1.227436823104693,
            "max": 86.69064748201438,
            "count": 14
        },
        "MyBehavior.Environment.CumulativeReward.sum": {
            "value": 24100.0,
            "min": 340.0,
            "max": 24100.0,
            "count": 14
        },
        "MyBehavior.Policy.ExtrinsicReward.mean": {
            "value": 86.69064748201438,
            "min": 1.227436823104693,
            "max": 86.69064748201438,
            "count": 14
        },
        "MyBehavior.Policy.ExtrinsicReward.sum": {
            "value": 24100.0,
            "min": 340.0,
            "max": 24100.0,
            "count": 14
        },
        "MyBehavior.IsTraining.mean": {
            "value": 1.0,
            "min": 1.0,
            "max": 1.0,
            "count": 14
        },
        "MyBehavior.IsTraining.sum": {
            "value": 1.0,
            "min": 1.0,
            "max": 1.0,
            "count": 14
        },
        "MyBehavior.Losses.PolicyLoss.mean": {
            "value": 0.01305494283575178,
            "min": 0.01305494283575178,
            "max": 0.06321940779711845,
            "count": 6
        },
        "MyBehavior.Losses.PolicyLoss.sum": {
            "value": 0.01305494283575178,
            "min": 0.01305494283575178,
            "max": 0.06321940779711845,
            "count": 6
        },
        "MyBehavior.Losses.ValueLoss.mean": {
            "value": 25.290086918407017,
            "min": 3.808061146405008,
            "max": 370.02505128714773,
            "count": 6
        },
        "MyBehavior.Losses.ValueLoss.sum": {
            "value": 25.290086918407017,
            "min": 3.808061146405008,
            "max": 370.02505128714773,
            "count": 6
        },
        "MyBehavior.Policy.LearningRate.mean": {
            "value": 0.002631283812290539,
            "min": 0.002631283812290539,
            "max": 0.0029385438020485396,
            "count": 6
        },
        "MyBehavior.Policy.LearningRate.sum": {
            "value": 0.002631283812290539,
            "min": 0.002631283812290539,
            "max": 0.0029385438020485396,
            "count": 6
        },
        "MyBehavior.Policy.Epsilon.mean": {
            "value": 0.18770946000000002,
            "min": 0.18770946000000002,
            "max": 0.19795146000000005,
            "count": 6
        },
        "MyBehavior.Policy.Epsilon.sum": {
            "value": 0.18770946000000002,
            "min": 0.18770946000000002,
            "max": 0.19795146000000005,
            "count": 6
        },
        "MyBehavior.Policy.Beta.mean": {
            "value": 0.08771068905400002,
            "min": 0.08771068905400002,
            "max": 0.097951664854,
            "count": 6
        },
        "MyBehavior.Policy.Beta.sum": {
            "value": 0.08771068905400002,
            "min": 0.08771068905400002,
            "max": 0.097951664854,
            "count": 6
        }
    },
    "metadata": {
        "timer_format_version": "0.1.0",
        "start_time_seconds": "1722749846",
        "python_version": "3.9.0 (tags/v3.9.0:9cf6752, Oct  5 2020, 15:34:40) [MSC v.1927 64 bit (AMD64)]",
        "command_line_arguments": "C:\\Users\\souwc\\AppData\\Local\\Programs\\Python\\Python39\\Scripts\\mlagents-learn configuration.yaml --force",
        "mlagents_version": "0.30.0",
        "mlagents_envs_version": "0.30.0",
        "communication_protocol_version": "1.5.0",
        "pytorch_version": "2.3.0+cu121",
        "numpy_version": "1.21.2",
        "end_time_seconds": "1722756260"
    },
    "total": 6413.7442651,
    "count": 1,
    "self": 0.0028287000004638685,
    "children": {
        "run_training.setup": {
            "total": 0.049559300000000084,
            "count": 1,
            "self": 0.049559300000000084
        },
        "TrainerController.start_learning": {
            "total": 6413.6918771,
            "count": 1,
            "self": 11.875654800063785,
            "children": {
                "TrainerController._reset_env": {
                    "total": 44.525531300000004,
                    "count": 1,
                    "self": 44.525531300000004
                },
                "TrainerController.advance": {
                    "total": 6357.221487699937,
                    "count": 726640,
                    "self": 10.38431880016742,
                    "children": {
                        "env_step": {
                            "total": 5339.639681000224,
                            "count": 726640,
                            "self": 2792.785792800053,
                            "children": {
                                "SubprocessEnvManager._take_step": {
                                    "total": 2539.332267099978,
                                    "count": 726642,
                                    "self": 38.86273350011015,
                                    "children": {
                                        "TorchPolicy.evaluate": {
                                            "total": 2500.4695335998676,
                                            "count": 722629,
                                            "self": 2500.4695335998676
                                        }
                                    }
                                },
                                "workers": {
                                    "total": 7.5216211001934425,
                                    "count": 726639,
                                    "self": 0.0,
                                    "children": {
                                        "worker_root": {
                                            "total": 6270.352692100172,
                                            "count": 726639,
                                            "is_parallel": true,
                                            "self": 4138.955890999976,
                                            "children": {
                                                "steps_from_proto": {
                                                    "total": 0.0008683000000004881,
                                                    "count": 3,
                                                    "is_parallel": true,
                                                    "self": 0.0003877999999986059,